Núm.,Indicador,Descripción,Mnemónico,Rangos,Longitud
1,Clave de entidad federativa,Código que identifica a la entidad federativa. El código 00 identifica a los registros con los totales a nivel nacional.,ENTIDAD,00…32,2
2,Entidad federativa,Nombre oficial de la entidad federativa.,NOM_ENT ,Alfanumérico,50
3,Clave de municipio o demarcación territorial,"Código que identifica al municipio o demarcación territorial al interior de una entidad federativa, conforme al Marco Geoestadístico. El código 000 identifica a los registros con los totales a nivel de entidad federativa.",MUN,000…570,3
4,Municipio o demarcación territorial,Nombre oficial del municipio o demarcación territorial en el caso de la Ciudad de México.,NOM_MUN   ,Alfanumérico,50
5,Clave de localidad,Código que identifica a la localidad al interior de cada municipio o demarcación territorial conforme al Marco Geoestadístico. El código 0000 identifica a los registros con los totales a nivel de municipio o demarcación territorial.,LOC,0000…9999,4
6,Localidad,Nombre con el que se reconoce a la localidad dado por la ley o la costumbre.,NOM_LOC ,Alfanumérico,70
7,Longitud,"Ubicación de la localidad expresada en grados, minutos, segundos y milésimas de segundo. Las primeras tres o cuatro posiciones corresponden a los grados y su símbolo; las siguientes tres posiciones indican los minutos y su símbolo y las siguientes 8 posiciones corresponden a los segundos, sus milésimas separados por un punto y su símbolo, la última posición indica que es la longitud situada al Oeste del meridiano de Greenwich (W).",LONGITUD ,Caracter,16
8,Latitud,"Ubicación de la localidad expresada en grados, minutos, segundos y milésimas de segundo. Las primeras tres posiciones corresponden a los grados y su símbolo; las siguientes tres posiciones indican los minutos y su símbolo y las siguientes 8 posiciones corresponden a los segundos, sus milésimas separados por un punto y su símbolo, la última posición indica que es la latitud situada al norte del ecuador (N).",LATITUD,Caracter,15
9,Altitud,"Altura a la que se encuentra una localidad, respecto al nivel medio del mar, expresada en metros.",ALTITUD,Caracter,4
1,Población total,"Total de personas que residen habitualmente en el país, la entidad federativa, el municipio o la demarcación territorial y la localidad. Incluye la estimación del número de personas en viviendas particulares sin información de ocupantes. Incluye a la población que no especificó su edad.",POBTOT,0...999999999,9
2,Población femenina,"Total de mujeres que residen habitualmente en el país, la entidad federativa, el municipio o la demarcación territorial y la localidad. Incluye la estimación del número de mujeres en viviendas particulares sin información de ocupantes. Incluye a la población que no especificó su edad.",POBFEM,0...999999999,9
3,Población masculina,"Total de hombres que residen habitualmente en el país, la entidad federativa, el municipio o la demarcación territorial y la localidad. Incluye la estimación del número de hombres en viviendas particulares sin información de ocupantes. Incluye a la población que no especificó su edad.",POBMAS,0...999999999,9
4,Población de 0 a 2 años,Personas de 0 a 2 años de edad.,P_0A2,0…999999999,9
5,Población femenina de 0 a 2 años,Mujeres de 0 a 2 años de edad.,P_0A2_F,"0.,.999999999",9
6,Población masculina de 0 a 2 años,Hombres de 0 a 2 años de edad.,P_0A2_M,0...999999999,9
7,Población de 3 años y más,Personas de 3 a 130 años de edad.,P_3YMAS,0...999999999,9
8,Población femenina de 3 años y más,Mujeres de 3 a 130 años de edad.,P_3YMAS_F,0...999999999,9
9,Población masculina de 3 años y más,Hombres de 3 a 130 años de edad.,P_3YMAS_M,0...999999999,9
10,Población de 5 años y más,Personas de 5 a 130 años de edad.,P_5YMAS,0...999999999,9
11,Población femenina de 5 años y más,Mujeres de 5 a 130 años de edad.,P_5YMAS_F,0...999999999,9
12,Población masculina de 5 años y más,Hombres de 5 a 130 años de edad.,P_5YMAS_M,0...999999999,9
13,Población de 12 años y más,Personas de 12 a 130 años de edad.,P_12YMAS,0...999999999,9
14,Población femenina de 12 años y más,Mujeres de 12 a 130 años de edad.,P_12YMAS_F,0...999999999,9
15,Población masculina de 12 años y más,Hombres de 12 a 130 años de edad.,P_12YMAS_M,0...999999999,9
16,Población de 15 años y más,Personas de 15 a 130 años de edad.,P_15YMAS,0...999999999,9
17,Población femenina de 15 años y más,Mujeres de 15 a 130 años de edad.,P_15YMAS_F,0...999999999,9
18,Población masculina de 15 años y más,Hombres de 15 a 130 años de edad.,P_15YMAS_M,0...999999999,9
19,Población de 18 años y más,Personas de 18 a 130 años de edad.,P_18YMAS,0...999999999,9
20,Población femenina de 18 años y más,Mujeres de 18 a 130 años de edad.,P_18YMAS_F,0...999999999,9
21,Población masculina de 18 años y más,Hombres de 18 a 130 años de edad.,P_18YMAS_M,0...999999999,9
22,Población de 3 a 5 años,Personas de 3 a 5 años de edad.,P_3A5,0...999999999,9
23,Población femenina de 3 a 5 años,Mujeres de 3 a 5 años de edad.,P_3A5_F,0...999999999,9
24,Población masculina de 3 a 5 años,Hombres de 3 a 5 años de edad.,P_3A5_M,0...999999999,9
25,Población de 6 a 11 años,Personas de 6 a 11 años de edad.,P_6A11,0...999999999,9
26,Población femenina de 6 a 11 años,Mujeres de 6 a 11 años de edad.,P_6A11_F,0...999999999,9
27,Población masculina de 6 a 11 años,Hombres de 6 a 11 años de edad.,P_6A11_M,0...999999999,9
28,Población de 8 a 14 años,Personas de 8 a 14 años de edad.,P_8A14,0...999999999,9
29,Población femenina de 8 a 14 años,Mujeres de 8 a 14 años de edad.,P_8A14_F,0...999999999,9
30,Población masculina de 8 a 14 años,Hombres de 8 a 14 años de edad.,P_8A14_M,0...999999999,9
31,Población de 12 a 14 años,Personas de 12 a 14 años de edad.,P_12A14,0...999999999,9
32,Población femenina de 12 a 14 años,Mujeres de 12 a 14 años de edad.,P_12A14_F,0...999999999,9
33,Población masculina de 12 a 14 años,Hombres de 12 a 14 años de edad.,P_12A14_M,0...999999999,9
34,Población de 15 a 17 años,Personas de 15 a 17 años de edad.,P_15A17,0...999999999,9
35,Población femenina de 15 a 17 años,Mujeres de 15 a 17 años de edad.,P_15A17_F,0...999999999,9
36,Población masculina de 15 a 17 años,Hombres de 15 a 17 años de edad.,P_15A17_M,0...999999999,9
37,Población de 18 a 24 años,Personas de 18 a 24 años de edad.,P_18A24,0...999999999,9
38,Población femenina de 18 a 24 años,Mujeres de 18 a 24 años de edad.,P_18A24_F,0...999999999,9
39,Población masculina de 18 a 24 años,Hombres de 18 a 24 años de edad.,P_18A24_M,0...999999999,9
40,Población femenina de 15 a 49 años ,Mujeres de 15 a 49 años de edad.,P_15A49_F,0...999999999,9
41,Población de 60 años y más,Personas de 60 a 130 años de edad.,P_60YMAS,0...999999999,9
42,Población femenina de 60 años y más,Mujeres de 60 a 130 años de edad.,P_60YMAS_F,0...999999999,9
43,Población masculina de 60 años y más,Hombres de 60 a 130 años de edad.,P_60YMAS_M,0...999999999,9
44,Relación hombres-mujeres,Resultado de dividir el total de hombres entre el total de mujeres y multiplicarlo por cien. Indica el número de hombres por cada 100 mujeres.,REL_H_M,0...999999999,9
45,Población de 0 a 14 años,Personas de 0 a 14 años de edad.,POB0_14,0...999999999,9
46,Población de 15 a 64 años,Personas de 15 a 64 años de edad.,POB15_64,0...999999999,9
47,Población de 65 años y más,Personas de 65 a 130 años de edad.,POB65_MAS,0...999999999,9
48,Promedio de hijas e hijos nacidos vivos,"Resultado de dividir el total de hijas e hijos nacidos vivos de las mujeres de 12 a 130 años de edad, entre el total de mujeres del mismo grupo de edad. Excluye a las mujeres que no especificaron el número de hijas e hijos nacidos vivos y a las que sí han tenido, pero no especificaron el total de ellos.",PROM_HNV,0...999999999,9
49,Población nacida en la entidad,Personas nacidas en la misma entidad federativa.,PNACENT,0…999999999,9
50,Población femenina nacida en la entidad,Mujeres nacidas en la misma entidad federativa.,PNACENT_F,0…999999999,9
51,Población masculina nacida en la entidad,Hombres nacidos en la misma entidad federativa.,PNACENT_M,0…999999999,9
52,Población nacida en otra entidad,Personas nacidas en otra entidad federativa.,PNACOE,0…999999999,9
53,Población femenina nacida en otra entidad,Mujeres nacidas en otra entidad federativa.,PNACOE_F,0…999999999,9
54,Población masculina nacida en otra entidad,Hombres nacidos en otra entidad federativa.,PNACOE_M,0…999999999,9
55,Población de 5 años y más residente en la entidad en marzo de 2015,Personas de 5 a 130 años de edad que entre 2015 y 2020 residían en la misma entidad federativa.,PRES2015,0…999999999,9
56,Población femenina de 5 años y más residente en la entidad en marzo de 2015,Mujeres de 5 a 130 años de edad que entre 2015 y 2020 residían en la misma entidad federativa.,PRES2015_F,0…999999999,9
57,Población masculina de 5 años y más residente en la entidad en marzo de 2015,Hombres de 5 a 130 años de edad que entre 2015 y 2020 residían en la misma entidad federativa.,PRES2015_M,0…999999999,9
58,Población de 5 años y más residente en otra entidad en marzo de 2015,Personas de 5 a 130 años de edad que en el 2015 residían en otra entidad federativa.,PRESOE15,0…999999999,9
59,Población femenina de 5 años y más residente en otra entidad en marzo de 2015,Mujeres de 5 a 130 años de edad que en 2015 residían en otra entidad federativa.,PRESOE15_F,0…999999999,9
60,Población masculina de 5 años y más residente en otra entidad en marzo de 2015,Hombres de 5 a 130 años de edad que en 2015 residían en otra entidad federativa.,PRESOE15_M,0…999999999,9
61,Población de 3 años y más que habla alguna lengua indígena,Personas de 3 a 130 años de edad que hablan alguna lengua indígena.,P3YM_HLI,0...999999999,9
62,Población femenina de 3 años y más que habla alguna lengua indígena,Mujeres de 3 a 130 años de edad que hablan alguna lengua indígena.,P3YM_HLI_F,0...999999999,9
63,Población masculina de 3 años y más que habla alguna lengua indígena,Hombres de 3 a 130 años de edad que hablan alguna lengua indígena.,P3YM_HLI_M,0...999999999,9
64,Población de 3 años y más que habla alguna lengua indígena y no habla español,Personas de 3 a 130 años de edad que hablan alguna lengua indígena y además no hablan español.,P3HLINHE,0...999999999,9
65,Población femenina de 3 años y más que habla alguna lengua indígena y no habla español,Mujeres de 3 a 130 años de edad que hablan alguna lengua indígena y además no hablan español.,P3HLINHE_F,0...999999999,9
66,Población masculina de 3 años y más que habla alguna lengua indígena y no habla español,Hombres de 3 a 130 años de edad que hablan alguna lengua indígena y además no hablan español.,IP3HLINHE_M,0...999999999,9
67,Población de 3 años y más que habla alguna lengua indígena y habla español,Personas de 3 a 130 años de edad que hablan alguna lengua indígena y además hablan español.,P3HLI_HE,0...999999999,9
68,Población femenina de 3 años y más que habla alguna lengua indígena y habla español,Mujeres de 3 a 130 años de edad que hablan alguna lengua indígena y además hablan español.,P3HLI_HE_F,0...999999999,9
69,Población masculina de 3 años y más que habla alguna lengua indígena y habla español,Hombres de 3 a 130 años de edad que hablan alguna lengua indígena y además hablan español.,P3HLI_HE_M,0...999999999,9
70,Población de 5 años y más que habla alguna lengua indígena,Personas de 5 a 130 años de edad que hablan alguna lengua indígena.,P5_HLI,0...999999999,9
71,Población de 5 años y más que habla alguna lengua indígena y no habla español,Personas de 5 a 130 años de edad que hablan alguna lengua indígena y además no hablan español.,P5_HLI_NHE,0...999999999,9
72,Población de 5 años y más que habla alguna lengua indígena y habla español,Personas de 5 a 130 años de edad que hablan alguna lengua indígena y además hablan español.,P5_HLI_HE,0...999999999,9
73,Población en hogares censales indígenas,"Total de personas que forman hogares censales donde la persona de referencia del hogar o su cónyuge o alguno de los ascendientes de estos, declararon hablar lengua indígena.",PHOG_IND,0...999999999,9
74,Población que se considera afromexicana o afrodescendiente,Personas que se consideran afromexicanos o afrodescendientes.,POB_AFRO,0...999999999,9
75,Población femenina que se considera afromexicana o afrodescendiente,Mujeres que se consideran afromexicanas o afrodescendientes.,POB_AFRO_F,0...999999999,9
76,Población masculina que se considera afromexicana o afrodescendiente,Hombres que se consideran afromexicanos o afrodescendientes.,POB_AFRO_M,0...999999999,9
77,Población con discapacidad,"Personas que realizan con mucha dificultad o no pueden hacer al menos una de las siguientes actividades: ver, aun usando lentes; oír, aun usando aparato auditivo; caminar, subir o bajar; recordar o concentrarse; bañarse, vestirse o comer; hablar o comunicarse.",PCON_DISC,0...999999999,9
78,"Población con discapacidad para caminar, subir o bajar","Personas que tiene mucha dificultad o no pueden caminar, subir o bajar.",PCDISC_MOT,0...999999999,9
79,"Población con discapacidad para ver, aun usando lentes","Personas que tienen mucha dificultad o no pueden ver, aun cuando usen lentes.",PCDISC_VIS,0...999999999,9
80,Población con discapacidad para hablar o comunicarse,Personas que tienen mucha dificultad o no pueden hablar o comunicarse.,PCDISC_LENG,0...999999999,9
81,"Población con discapacidad para oír, aun usando aparato auditivo","Personas que tienen mucha dificultad o no pueden oír, aun usando aparato auditivo.",PCDISC_AUD,0...999999999,9
82,"Población con discapacidad para vestirse, bañarse o comer","Personas que tienen mucha dificultad o no pueden bañarse, vestirse o comer.",PCDISC_MOT2,0...999999999,9
83,Población con discapacidad para recordar o concentrarse,Personas que tienen mucha dificultad o no pueden recordar o concentrarse.,PCDISC_MEN,0...999999999,9
84,Población con limitación,"Personas que realizan con poca dificultad al menos una de las siguientes actividades: ver, aun usando lentes; oír, aun usando aparato auditivo; caminar, subir o bajar; recordar o concentrarse; bañarse, vestirse o comer; hablar o comunicarse.",PCON_LIMI,0...999999999,9
85,"Población con limitación para caminar, subir o bajar","Personas que tienen poca dificultad para caminar, subir o bajar.",PCLIM_CSB,0...999999999,9
86,"Población con limitación para ver, aun usando lentes","Personas que tienen poca dificultad para ver, aun usando lentes.",PCLIM_VIS,0...999999999,9
87,Población con limitación para hablar o comunicarse,Personas que tienen poca dificultad para hablar o comunicarse.,PCLIM_HACO,0...999999999,9
88,"Población con limitación para oír, aun usando aparato auditivo","Personas que tienen poca dificultad para oír, aun usando aparato auditivo.",PCLIM_OAUD,0...999999999,9
89,"Población con limitación para vestirse, bañarse o comer","Personas que tienen poca dificultad para bañarse, vestirse o comer.",PCLIM_MOT2,0...999999999,9
90,Población con limitación para recordar o concentrarse,Personas que tienen poca dificultad para recordar o concentrarse.,PCLIM_RE_CO,0...999999999,9
91,Población con algún problema o condición mental,"Personas con algún problema o condición mental, como las relacionadas con el trastorno de la conciencia, retraso mental y las alteraciones de la conducta del individuo con otras personas en su entorno social. Incluye a la población que declaró realizar actividades cotidianas con mucha dificultad o no poder hacerlas o las hace con poca dificultad.",PCLIM_PMEN,0...999999999,9
92,"Población sin discapacidad, limitación, problema o condición mental","Personas que no tienen dificultad para realizar alguna actividad cotidiana como: ver, aun usando lentes; oír aun usando aparato auditivo; caminar, subir o bajar; recordar o concentrarse; bañarse, vestirse o comer; hablar o comunicarse, ni tampoco tiene algún problema o condición mental.",PSIND_LIM,0...999999999,9
93,Población de 3 a 5 años que no asiste a la escuela,Personas de 3 a 5 años de edad que no van a la escuela.,P3A5_NOA,0...999999999,9
94,Población femenina de 3 a 5 años que no asiste a la escuela,Mujeres de 3 a 5 años de edad que no van a la escuela.,P3A5_NOA_F,0...999999999,9
95,Población masculina de 3 a 5 años que no asiste a la escuela,Hombres de 3 a 5 años de edad que no van a la escuela.,P3A5_NOA_M,0...999999999,9
96,Población de 6 a 11 años que no asiste a la escuela,Personas de 6 a 11 años de edad que no van a la escuela.,P6A11_NOA,0...999999999,9
97,Población femenina de 6 a 11 años que no asiste a la escuela,Mujeres de 6 a 11 años de edad que no van a la escuela.,P6A11_NOAF,0...999999999,9
98,Población masculina de 6 a 11 años que no asiste a la escuela,Hombres de 6 a 11 años de edad que no van a la escuela.,P6A11_NOAM,0...999999999,9
99,Población de 12 a 14 años que no asiste a la escuela,Personas de 12 a 14 años de edad que no van a la escuela.,P12A14NOA,0...999999999,9
100,Población femenina de 12 a 14 años que no asiste a la escuela,Mujeres de 12 a 14 años de edad que no van a la escuela.,P12A14NOAF,0...999999999,9
101,Población masculina de 12 a 14 años que no asiste a la escuela,Hombres de 12 a 14 años de edad que no van a la escuela.,P12A14NOAM,0...999999999,9
102,Población de 15 a 17 años que asiste a la escuela,Personas de 15 a 17 años de edad que van a la escuela.,P15A17A,0...999999999,9
103,Población femenina de 15 a 17 años que asiste a la escuela,Mujeres de 15 a 17 años de edad que van a la escuela.,P15A17A_F,0...999999999,9
104,Población masculina de 15 a 17 años que asiste a la escuela,Hombres de 15 a 17 años de edad que van a la escuela.,P15A17A_M,0...999999999,9
105,Población de 18 a 24 años que asiste a la escuela,Personas de 18 a 24 años de edad que van a la escuela.,P18A24A,0...999999999,9
106,Población femenina de 18 a 24 años que asiste a la escuela,Mujeres de 18 a 24 años de edad que van a la escuela.,P18A24A_F,0...999999999,9
107,Población masculina de 18 a 24 años que asiste a la escuela,Hombres de 18 a 24 años de edad que van a la escuela.,P18A24A_M,0...999999999,9
108,Población de 8 a 14 años que no sabe leer y escribir,Personas de 8 a 14 años de edad que no saben leer y escribir un recado.,P8A14AN,0...999999999,9
109,Población femenina de 8 a 14 años que no sabe leer y escribir,Mujeres de 8 a 14 años de edad que no saben leer y escribir un recado.,P8A14AN_F,0...999999999,9
110,Población masculina de 8 a 14 años que no sabe leer y escribir,Hombres de 8 a 14 años de edad que no saben leer y escribir un recado.,P8A14AN_M,0...999999999,9
111,Población de 15 años y más analfabeta,Personas de 15 a 130 años de edad que no saben leer y escribir un recado.,P15YM_AN,0...999999999,9
112,Población femenina de 15 años y más analfabeta,Mujeres de 15 a 130 años de edad que no saben leer y escribir un recado.,P15YM_AN_F,0...999999999,9
113,Población masculina de 15 años y más analfabeta,Hombres de 15 a 130 años de edad que no saben leer y escribir un recado.,P15YM_AN_M,0...999999999,9
114,Población de 15 años y más sin escolaridad,Personas de 15 a 130 años de edad que no aprobaron ningún grado escolar o que sólo tienen nivel preescolar.,P15YM_SE,0...999999999,9
115,Población femenina de 15 años y más sin escolaridad,Mujeres de 15 a 130 años de edad que no aprobaron ningún grado escolar o que sólo tienen nivel preescolar.,P15YM_SE_F,0...999999999,9
116,Población masculina de 15 años y más sin escolaridad,Hombres de 15 a 130 años de edad que no aprobaron ningún grado escolar o que sólo tienen nivel preescolar.,P15YM_SE_M,0...999999999,9
117,Población de 15 años y más con primaria incompleta,Personas de 15 a 130 años de edad que tienen como máxima escolaridad hasta el quinto grado aprobado en primaria. Incluye a las personas que no especificaron los grados aprobados en el nivel señalado.,P15PRI_IN,0...999999999,9
118,Población femenina de 15 años y más con primaria incompleta,Mujeres de 15 a 130 años de edad que tienen como máxima escolaridad hasta el quinto grado aprobado en primaria. Incluye a las mujeres que no especificaron los grados aprobados en el nivel señalado.,P15PRI_INF,0...999999999,9
119,Población masculina de 15 años y más con primaria incompleta,Hombres de 15 a 130 años de edad que tienen como máxima escolaridad hasta el quinto grado aprobado en primaria. Incluye a los hombres que no especificaron los grados aprobados en el nivel señalado.,P15PRI_INM,0...999999999,9
120,Población de 15 años y más con primaria completa,Personas de 15 a 130 años de edad que tienen como máxima escolaridad 6 grados aprobados en primaria. ,P15PRI_CO,0...999999999,9
121,Población femenina de 15 años y más con primaria completa,Mujeres de 15 a 130 años de edad que tienen como máxima escolaridad 6 grados aprobados en primaria.,P15PRI_COF,0...999999999,9
122,Población masculina de 15 años y más con primaria completa,Hombres de 15 a 130 años de edad que tienen como máxima escolaridad 6 grados aprobados en primaria.,P15PRI_COM,0...999999999,9
123,Población de 15 años y más con secundaria incompleta,Personas de 15 a 130 años de edad que tienen como máxima escolaridad hasta segundo grado aprobado de secundaria. Incluye a las personas que no especificaron los grados aprobados en el nivel señalado.,P15SEC_IN,0...999999999,9
124,Población femenina de 15 años y más con secundaria incompleta,Mujeres de 15 a 130 años de edad que tienen como máxima escolaridad hasta segundo grado aprobado de secundaria. Incluye a las mujeres que no especificaron los grados aprobados en el nivel señalado.,P15SEC_INF,0...999999999,9
125,Población masculina de 15 años y más con secundaria incompleta,Hombres de 15 a 130 años de edad que tienen como máxima escolaridad hasta segundo grado aprobado de secundaria. Incluye a los hombres que no especificaron los grados aprobados en el nivel señalado.,P15SEC_INM,0...999999999,9
126,Población de 15 años y más con secundaria completa,Personas de 15 a 130 años de edad que tienen como máxima escolaridad 3 grados aprobados en secundaria.,P15SEC_CO,0...999999999,9
127,Población femenina de 15 años y más con secundaria completa,Mujeres de 15 a 130 años de edad que tienen como máxima escolaridad 3 grados aprobados en secundaria.,P15SEC_COF,0...999999999,9
128,Población masculina de 15 años y más con secundaria completa,Hombres de 15 a 130 años de edad que tienen como máxima escolaridad 3 grados aprobados en secundaria.,P15SEC_COM,0...999999999,9
129,Población de 18 años y más con educación posbásica,Personas de 18 a 130 años de edad que tienen como máxima escolaridad algún grado aprobado en preparatoria o bachillerato; normal básica; estudios técnicos o comerciales con secundaria terminada; estudios técnicos o comerciales con preparatoria terminada; normal de licenciatura; licenciatura o profesional; especialidad; maestría o doctorado. Incluye a las personas que no especificaron los grados aprobados en los niveles señalados.,P18YM_PB,0...999999999,9
130,Población femenina de 18 años y más con educación posbásica,Mujeres de 18 a 130 años de edad que tienen como máxima escolaridad algún grado aprobado: preparatoria o bachillerato; normal básica; estudios técnicos o comerciales con secundaria terminada; estudios técnicos o comerciales con preparatoria terminada; normal de licenciatura; licenciatura o profesional; especialidad; maestría o doctorado. Incluye a las personas que no especificaron los grados aprobados en los niveles señalados.,P18YM_PB_F,0...999999999,9
131,Población masculina de 18 años y más con educación posbásica,Hombres de 18 a 130 años de edad que tienen como máxima escolaridad algún grado aprobado en preparatoria o bachillerato; normal básica; estudios técnicos o comerciales con secundaria terminada; estudios técnicos o comerciales con preparatoria terminada; normal de licenciatura; licenciatura o profesional; especialidad; maestría o doctorado. Incluye a las personas que no especificaron los grados aprobados en los niveles señalados.,P18YM_PB_M,0...999999999,9
132,Grado promedio de escolaridad,Resultado de dividir el monto de grados escolares aprobados por las personas de 15 a 130 años de edad entre las personas del mismo grupo de edad. Excluye a las personas que no especificaron los grados aprobados.,GRAPROES,0...999999999,9
133,Grado promedio de escolaridad de la población femenina,Resultado de dividir el monto de grados escolares aprobados por las mujeres de 15 a 130 años de edad entre las mujeres del mismo grupo de edad. Excluye a las mujeres que no especificaron los grados aprobados.,GRAPROES_F,0...999999999,9
134,Grado promedio de escolaridad de la población masculina,Resultado de dividir el monto de grados escolares aprobados por los hombres de 15 a 130 años de edad entre los hombres del mismo grupo de edad. Excluye a los hombres que no especificaron los grados aprobados.,GRAPROES_M,0...999999999,9
135,Población de 12 años y más económicamente activa,"Personas de 12 a 130 años de edad que trabajaron, tenían trabajo pero no trabajaron o buscaron trabajo en la semana de referencia.",PEA,0..999999999,9
136,Población femenina de 12 años y más económicamente activa,"Mujeres de 12 a 130 años de edad que trabajaron, tenían trabajo pero no trabajaron o buscaron trabajo en la semana de referencia.",PEA_F,0...999999999,9
137,Población masculina de 12 años y más económicamente activa,"Hombres de 12 a 130 años de edad que trabajaron, tenían trabajo pero no trabajaron o buscaron trabajo en la semana de referencia.",PEA_M,0...999999999,9
138,Población de 12 años y más no económicamente activa,Personas de 12 a 130 años de edad pensionadas o jubiladas; estudiantes; dedicadas a los quehaceres del hogar; están incapacitadas permanentemente para trabajar; o no trabajan.,PE_INAC,0...999999999,9
139,Población femenina de 12 años y más no económicamente activa,Mujeres de 12 a 130 años de edad pensionadas o jubiladas; estudiantes; dedicadas a los quehaceres del hogar; están incapacitadas permanentemente para trabajar; o no trabajan.,PE_INAC_F,0...999999999,9
140,Población masculina de 12 años y más no económicamente activa,Hombres de 12 a 130 años de edad pensionados o jubilados; estudiantes; dedicados a los quehaceres del hogar; están incapacitados permanentemente para trabajar; o no trabajan.,PE_INAC_M,0...999999999,9
141,Población de 12 años y más ocupada,"Personas de 12 a 130 años de edad que trabajaron o que no trabajaron, pero sí tenían trabajo en la semana de referencia.",POCUPADA,0...999999999,9
142,Población femenina de 12 años y más ocupada,"Mujeres de 12 a 130 años de edad que trabajaron o que no trabajaron, pero sí tenían trabajo en la semana de referencia.",POCUPADA_F,0...999999999,9
143,Población masculina de 12 años y más ocupada,"Hombres de 12 a 130 años de edad que trabajaron o que no trabajaron, pero sí tenían trabajo en la semana de referencia.",POCUPADA_M,0...999999999,9
144,Población de 12 años y más desocupada,"Personas de 12 a 130 años de edad que no tenían trabajo, pero buscaron trabajo en la semana de referencia. ",PDESOCUP,0...999999999,9
145,Población femenina de 12 años y más desocupada,"Mujeres de 12 a 130 años de edad que no tenían trabajo, pero buscaron trabajo en la semana de referencia.",PDESOCUP_F,0...999999999,9
146,Población masculina de 12 años y más desocupada,"Hombres de 12 a 130 años de edad que no tenían trabajo, pero buscaron trabajo en la semana de referencia.",PDESOCUP_M,0...999999999,9
147,Población sin afiliación a servicios de salud,Total de personas que no están afiliadas a servicios médicos en ninguna institución pública o privada,PSINDER,0...999999999,9
148,Población afiliada a servicios de salud,"Total de personas que están afiliadas a servicios médicos en alguna institución de salud pública o privada como: el Instituto Mexicano del Seguro Social (IMSS), el Instituto de Seguridad y Servicios Sociales de los Trabajadores del Estado (ISSSTE e ISSSTE estatal), Petróleos Mexicanos (PEMEX), la Secretaría de la Defensa Nacional (SEDENA), la Secretaría de Marina Armada de México (SEMAR), el Instituto de Salud para el Bienestar (INSABI) o en otra.",PDER_SS,0...999999999,9
149,Población afiliada a servicios de salud en el IMSS,Total de personas que están afiliadas a servicios médicos en el Instituto Mexicano del Seguro Social (IMSS).,PDER_IMSS,0...999999999,9
150,Población afiliada a servicios de salud en el ISSSTE,Total de personas que están afiliadas a servicios médicos en el Instituto de Seguridad y Servicios Sociales de los Trabajadores del Estado.,PDER_ISTE,0...999999999,9
151,Población afiliada a servicios de salud en el ISSSTE estatal,"Total de personas que están afiliadas a servicios médicos en los institutos de seguridad social de los estados (ISSSTE, ISSSEMyM, ISSSTEZAC, ISSSPEA o ISSSTESON).",PDER_ISTEE,0...999999999,9
152,"Población afiliada a servicios de salud en PEMEX, Defensa o Marina","Total de personas que están afiliadas a servicios médicos en Petróleos Mexicanos (PEMEX), la Secretaría de la Defensa Nacional (SEDENA) o la Secretaría de Marina Armada de México (SEMAR).",PAFIL_PDOM,0...999999999,9
153,Población afiliada a servicios de salud en el Instituto de Salud para el Bienestar,"Total de personas que están afiliadas a servicios médicos en la Secretaría de Salud, mediante en el Instituto de Salud para el Bienestar.",PDER_SEGP,0...999999999,9
154,Población afiliada a servicios de salud en el IMSS BIENESTAR,Total de personas que están afiliadas a servicios médicos en el Instituto Mexicano del Seguro Social (IMSS) BIENESTAR,PDER_IMSSB,0...999999999,9
155,Población afiliada a servicios de salud en una institución privada,Total de personas que están afiliadas a servicios médicos en instituciones de salud privadas.,PAFIL_IPRIV,0...999999999,9
156,Población afiliada a servicios de salud en otra institución,Total de personas que están afiliadas a servicios médicos en cualquier otra institución de salud pública o privada. ,PAFIL_OTRAI,0...999999999,9
157,Población de 12 años y más soltera o nunca unida,Personas de 12 a 130 años de edad solteras.,P12YM_SOLT,0...999999999,9
158,Población de 12 años y más casada o unida,Personas de 12 a 130 años de edad casadas sólo por el civil; casadas sólo religiosamente o; casadas por el civil y religiosamente o en unión libre.,P12YM_CASA,0...999999999,9
159,Población de 12 años y más que estuvo casada o unida,"Personas de 12 a 130 años de edad que están separadas, divorciadas o viudas. ",P12YM_SEPA,0...999999999,9
160,Población con religión católica,Personas que tienen como creencia o preferencia espiritual la religión católica,PCATOLICA,0...999999999,9
161,Población con grupo religioso protestante/cristiano evangélico,"Incluye a las denominaciones religiosas del grupo protestante/cristiano evangélico: protestante, pentecostal, iglesia del Dios vivo, columna y apoyo de la verdad, la luz del mundo, cristiana, evangélica, iglesia de Jesucristo de los santos de los últimos días (mormón) entre otras.",PRO_CRIEVA,0...999999999,9
162,Población con otras religiones diferentes a las anteriores,Personas con otras creencias o preferencias espirituales diferentes a las anteriores.,POTRAS_REL,0...999999999,9
163,Población sin religión o sin adscripción religiosa,Personas que declararon no tener religión o no estar adscritas en alguna.,PSIN_RELIG,0...999999999,9
164,Total de hogares censales,Hogares en viviendas particulares habitadas. Se considera un hogar en cada vivienda particular. Incluye casa única en el terreno; casa que comparte terreno con otra(s); casa dúplex; departamento en edificio; vivienda en vecindad o cuartería; vivienda en cuarto de azotea de un edificio; local no construido para habitación; vivienda móvil; refugio y no especificado de vivienda particular.,TOTHOG,0...999999999,9
165,Hogares censales con persona de referencia mujer,Hogares en viviendas particulares habitadas donde la persona de referencia es mujer. Se considera un hogar en cada vivienda particular. Incluye casa única en el terreno; casa que comparte terreno con otra(s); casa dúplex; departamento en edificio; vivienda en vecindad o cuartería; vivienda en cuarto de azotea; local no construido para habitación; vivienda móvil; refugio y no especificado de vivienda particular.,HOGJEF_F,0...999999999,9
166,Hogares censales con persona de referencia hombre,Hogares en viviendas particulares habitadas donde la persona de referencia es hombre. Se considera un hogar en cada vivienda particular. Incluye casa única en el terreno; casa que comparte terreno con otra(s); casa dúplex; departamento en edificio; vivienda en vecindad o cuartería; vivienda en cuarto de azotea; local no construido para habitación; vivienda móvil; refugio y no especificado de vivienda particular.,HOGJEF_M,0...999999999,9
167,Población en hogares censales,Personas en hogares censales. Se considera un hogar en cada vivienda particular. Incluye casa única en el terreno; casa que comparte terreno con otra(s); casa dúplex; departamento en edificio; vivienda en vecindad o cuartería; vivienda en cuarto de azotea; local no construido para habitación; vivienda móvil; refugio y no especificado de vivienda particular.,POBHOG,0...99999999,9
168,Población en hogares censales con persona de referencia mujer,Personas en hogares censales donde la persona de referencia es mujer. Se considera un hogar en cada vivienda particular. Incluye casa única en el terreno; casa que comparte terreno con otra(s); casa dúplex; departamento en edificio; vivienda en vecindad o cuartería; vivienda en cuarto de azotea; local no construido para habitación; vivienda móvil; refugio y no especificado de vivienda particular.,PHOGJEF_F,0...999999999,9
169,Población en hogares censales con persona de referencia hombre,Personas en hogares censales donde la persona de referencia es hombre. Se considera un hogar en cada vivienda particular. Incluye casa única en el terreno; casa que comparte terreno con otra(s); casa dúplex; departamento en edificio; vivienda en vecindad o cuartería; vivienda en cuarto de azotea; local no construido para habitación; vivienda móvil; refugio y no especificado de vivienda particular.,PHOGJEF_M,0...999999999,9
170,Total de viviendas,"Viviendas particulares habitadas, deshabitadas, de uso temporal y colectivas. Incluye a las viviendas sin información de ocupantes.",VIVTOT,0...999999999,9
171,Total de viviendas habitadas,Viviendas particulares y colectivas habitadas. Incluye a las viviendas sin información de ocupantes ,TVIVHAB,0...999999999,9
172,Total de viviendas particulares,"Viviendas particulares habitadas, deshabitadas y de uso temporal. Excluye a las viviendas sin información de ocupantes.",TVIVPAR,0...999999999,9
173,Viviendas particulares habitadas,"Viviendas particulares habitadas de cualquier clase: casa única en el terreno; casa que comparte terreno con otra(s); casa dúplex; departamento en edificio; vivienda en vecindad o cuartería; vivienda en cuarto de azotea de un edificio; local no construido para habitación, vivienda móvil; refugio y no especificado de vivienda particular. Excluye a las viviendas particulares sin información de ocupantes.",VIVPAR_HAB,0...999999999,9
174,Total de viviendas particulares habitadas con características,"Viviendas particulares habitadas a las que se les captan sus características, inlcuye casa única en el terreno; casa que comparte terreno con otra(s); casa dúplex; departamento en edificio; vivienda en vecindad o cuartería; vivienda en cuarto de azotea de un edificio y no especificado de vivienda particular. Incluye a las viviendas particulares sin información de ocupantes.",VIVPARH_CV,0...999999999,9
175,Total de viviendas particulares habitadas,"Viviendas particulares habitadas de cualquier clase: casa única en el terreno; casa que comparte terreno con otra(s); casa dúplex; departamento en edificio; vivienda en vecindad o cuartería; vivienda en cuarto de azotea de un edificio; local no construido para habitación, vivienda móvil; refugio y no especificado de vivienda particular. Incluye a las viviendas particulares sin información de ocupantes. ",TVIVPARHAB,0...999999999,9
176,Viviendas particulares deshabitadas,Viviendas particulares deshabitadas.,VIVPAR_DES,0...999999999,9
177,Viviendas particulares de uso temporal,Viviendas particulares de uso temporal.,VIVPAR_UT,0...999999999,9
178,Ocupantes en viviendas particulares habitadas,"Personas que residen en viviendas particulares habitadas de cualquier clase: casa única en el terreno; casa que comparte terreno con otra(s); casa dúplex; departamento en edificio; vivienda en vecindad o cuartería; vivienda en cuarto de azotea de un edificio; local no construido para habitación, vivienda móvil; refugio y no especificado de vivienda particular. Incluye una estimación de personas en viviendas particulares sin información de ocupantes y menores omitidos.",OCUPVIVPAR,0...99999999,9
179,Promedio de ocupantes en viviendas particulares habitadas,"Resultado de dividir el número de personas que residen en viviendas particulares habitadas, entre el número de esas viviendas.",PROM_OCUP,0...999999999,9
180,Promedio de ocupantes por cuarto en viviendas particulares habitadas,"Resultado de dividir el número de personas que residen en viviendas particulares habitadas entre el número de cuartos de esas viviendas. Comprende las viviendas particulares para las que se captaron las características de la vivienda, clasificadas como: casa única en el terreno; casa que comparte terreno con otra(s); casa dúplex; departamento en edificio; vivienda en vecindad o cuartería; vivienda en cuarto de azotea de un edificio y no especificado de vivienda particular. Incluye a las viviendas particulares sin información de ocupantes.",PRO_OCUP_C,0...999999999,9
181,Viviendas particulares habitadas con piso de material diferente de tierra,"Viviendas particulares habitadas con piso de cemento o firme, madera, mosaico u otro material. Comprende las viviendas particulares para las que se captaron las características de la vivienda, clasificadas como: casa única en el terreno; casa que comparte terreno con otra(s); casa dúplex; departamento en edificio; vivienda en vecindad o cuartería; vivienda en cuarto de azotea de un edificio y no especificado de vivienda particular. Incluye a las viviendas particulares sin información de ocupantes.",VPH_PISODT,0...999999999,9
182,Viviendas particulares habitadas con piso de tierra,"Viviendas particulares habitadas con piso de tierra. Comprende las viviendas particulares para las que se captaron las características de la vivienda, clasificadas como: casa única en el terreno; casa que comparte terreno con otra(s); casa dúplex; departamento en edificio; vivienda en vecindad o cuartería; vivienda en cuarto de azotea de un edificio y no especificado de vivienda particular. Incluye a las viviendas particulares sin información de ocupantes.",VPH_PISOTI,0...999999999,9
183,Viviendas particulares habitadas con un dormitorio,"Viviendas particulares habitadas con un dormitorio. Comprende las viviendas particulares para las que se captaron las características de la vivienda, clasificadas como: casa única en el terreno; casa que comparte terreno con otra(s); casa dúplex; departamento en edificio; vivienda en vecindad o cuartería; vivienda en cuarto de azotea de un edificio y no especificado de vivienda particular. Incluye a las viviendas particulares sin información de ocupantes.",VPH_1DOR,0… 999999999,9
184,Viviendas particulares habitadas con dos dormitorios y más,"Viviendas particulares habitadas que usan para dormir entre 2 y 25 cuartos. Comprende las viviendas particulares para las que se captaron las características de la vivienda, clasificadas como: casa única en el terreno; casa que comparte terreno con otra(s); casa dúplex; departamento en edificio; vivienda en vecindad o cuartería; vivienda en cuarto de azotea de un edificio y no especificado de vivienda particular. Incluye a las viviendas particulares sin información de ocupantes.",VPH_2YMASD,0…999999999,9
185,Viviendas particulares habitadas con sólo un cuarto,"Viviendas particulares habitadas que tienen sólo un cuarto. Comprende las viviendas particulares para las que se captaron las características de la vivienda, clasificadas como: casa única en el terreno; casa que comparte terreno con otra(s); casa dúplex; departamento en edificio; vivienda en vecindad o cuartería; vivienda en cuarto de azotea de un edificio y no especificado de vivienda particular. Incluye a las viviendas particulares sin información de ocupantes.",VPH_1CUART,0…999999999,9
186,Viviendas particulares habitadas con dos cuartos,"Viviendas particulares habitadas que tienen dos cuartos. Comprende las viviendas particulares para las que se captaron las características de la vivienda, clasificadas como: casa única en el terreno; casa que comparte terreno con otra(s); casa dúplex; departamento en edificio; vivienda en vecindad o cuartería; vivienda en cuarto de azotea de un edificio y no especificado de vivienda particular. Incluye a las viviendas particulares sin información de ocupantes.",VPH_2CUART,0…999999999,9
187,Viviendas particulares habitadas con 3 cuartos y más,"Viviendas particulares habitadas que tienen entre 3 y 25 cuartos. Comprende las viviendas particulares para las que se captaron las características de la vivienda, clasificadas como: casa única en el terreno; casa que comparte terreno con otra(s); casa dúplex; departamento en edificio; vivienda en vecindad o cuartería; vivienda en cuarto de azotea de un edificio y no especificado de vivienda particular. Incluye a las viviendas particulares sin información de ocupantes.",VPH_3YMASC,0…999999999,9
188,Viviendas particulares habitadas que disponen de energía eléctrica,"Viviendas particulares habitadas que tienen energía eléctrica. Comprende las viviendas particulares para las que se captaron las características de la vivienda, clasificadas como: casa única en el terreno; casa que comparte terreno con otra(s); casa dúplex; departamento en edificio; vivienda en vecindad o cuartería; vivienda en cuarto de azotea de un edificio y no especificado de vivienda particular. Incluye a las viviendas particulares sin información de ocupantes.",VPH_C_ELEC,0…999999999,9
189,Viviendas particulares habitadas que no disponen de energía eléctrica,"Viviendas particulares habitadas que no tienen energía eléctrica. Comprende las viviendas particulares para las que se captaron las características de la vivienda, clasificadas como: casa única en el terreno; casa que comparte terreno con otra(s); casa dúplex; departamento en edificio; vivienda en vecindad o cuartería; vivienda en cuarto de azotea de un edificio y no especificado de vivienda particular. Incluye a las viviendas particulares sin información de ocupantes.",VPH_S_ELEC,0…999999999,9
190,Viviendas particulares habitadas que disponen de agua entubada en el ámbito de la vivienda,"Viviendas particulares habitadas que tienen disponibilidad de agua entubada dentro de la vivienda o sólo en el patio o terreno. Comprende las viviendas particulares para las que se captaron las características de la vivienda, clasificadas como: casa única en el terreno; casa que comparte terreno con otra(s); casa dúplex; departamento en edificio; vivienda en vecindad o cuartería; vivienda en cuarto de azotea de un edificio y no especificado de vivienda particular. Incluye a las viviendas particulares sin información de ocupantes.",VPH_AGUADV,0…999999999,9
191,Viviendas particulares habitadas que disponen de agua entubada y se abastecen del servicio público de agua,"Viviendas particulares habitadas que tienen agua entubada y se abastecen del servicio público de agua. Comprende las viviendas particulares para las que se captaron las características de la vivienda, clasificadas como: casa única en el terreno; casa que comparte terreno con otra(s); casa dúplex; departamento en edificio; vivienda en vecindad o cuartería; vivienda en cuarto de azotea de un edificio y no especificado de vivienda particular. Incluye a las viviendas particulares sin información de ocupantes.",VPH_AEASP,0…999999999,9
192,Viviendas particulares habitadas que no disponen de agua entubada en el ámbito de la vivienda,"Viviendas particulares habitadas que no tienen disponibilidad de agua entubada. Comprende las viviendas particulares para las que se captaron las características de la vivienda, clasificadas como: casa única en el terreno; casa que comparte terreno con otra(s); casa dúplex; departamento en edificio; vivienda en vecindad o cuartería; vivienda en cuarto de azotea de un edificio y no especificado de vivienda particular. Incluye a las viviendas particulares sin información de ocupantes.",VPH_AGUAFV,0…999999999,9
193,Viviendas particulares habitadas que disponen de tinaco,"Viviendas particulares habitadas que tienen tinaco. Comprende las viviendas particulares para las que se captaron las características de la vivienda, clasificadas como: casa única en el terreno; casa que comparte terreno con otra(s); casa dúplex; departamento en edificio; vivienda en vecindad o cuartería; vivienda en cuarto de azotea de un edificio y no especificado de vivienda particular. Incluye a las viviendas particulares sin información de ocupantes.",VPH_TINACO,0…999999999,9
194,Viviendas particulares habitadas que disponen de cisterna o aljibe,"Viviendas particulares habitadas que tienen cisterna o aljibe. Comprende las viviendas particulares para las que se captaron las características de la vivienda, clasificadas como: casa única en el terreno; casa que comparte terreno con otra(s); casa dúplex; departamento en edificio; vivienda en vecindad o cuartería; vivienda en cuarto de azotea de un edificio y no especificado de vivienda particular. Incluye a las viviendas particulares sin información de ocupantes.",VPH_CISTER,0…999999999,9
195,Viviendas particulares habitadas que disponen de excusado o sanitario,"Viviendas particulares habitadas que tienen taza de baño (excusado o sanitario). Comprende las viviendas particulares para las que se captaron las características de la vivienda, clasificadas como: casa única en el terreno; casa que comparte terreno con otra(s); casa dúplex; departamento en edificio; vivienda en vecindad o cuartería; vivienda en cuarto de azotea de un edificio y no especificado de vivienda particular. Incluye a las viviendas particulares sin información de ocupantes.",VPH_EXCSA,0…999999999,9
196,Viviendas particulares habitadas que disponen de letrina (pozo u hoyo),"Viviendas particulares habitadas que tienen letrina (pozo u hoyo). Comprende las viviendas particulares para las que se captaron las características de la vivienda, clasificadas como: casa única en el terreno; casa que comparte terreno con otra(s); casa dúplex; departamento en edificio; vivienda en vecindad o cuartería; vivienda en cuarto de azotea de un edificio y no especificado de vivienda particular. Incluye a las viviendas particulares sin información de ocupantes.",VPH_LETR,0…999999999,9
197,Viviendas particulares habitadas que disponen de drenaje,"Viviendas particulares habitadas que tienen drenaje conectado a la red pública; una fosa séptica o tanque séptico (biodigestor); una tubería que va a dar a una barranca o grieta, río, lago o mar. Comprende las viviendas particulares para las que se captaron las características de la vivienda, clasificadas como: casa única en el terreno; casa que comparte terreno con otra(s); casa dúplex; departamento en edificio; vivienda en vecindad o cuartería; vivienda en cuarto de azotea de un edificio y no especificado de vivienda particular. Incluye a las viviendas particulares sin información de ocupantes.",VPH_DRENAJ,0…999999999,9
198,Viviendas particulares habitadas que no disponen de drenaje,"Viviendas particulares habitadas que no tienen drenaje. Comprende las viviendas particulares para las que se captaron las características de la vivienda, clasificadas como: casa única en el terreno; casa que comparte terreno con otra(s); casa dúplex; departamento en edificio; vivienda en vecindad o cuartería; vivienda en cuarto de azotea de un edificio y no especificado de vivienda particular. Incluye a las viviendas particulares sin información de ocupantes.",VPH_NODREN,0…999999999,9
199,"Viviendas particulares habitadas que disponen de energía eléctrica, agua entubada de la red pública y drenaje","Viviendas particulares habitadas que tienen energía eléctrica, agua entubada dentro de la vivienda o sólo en el patio o terreno y drenaje conectado a la red pública; una fosa séptica o tanque séptico (biodigestor); una tubería que va a dar a una barranca o grieta, río, lago o mar. Comprende las viviendas particulares para las que se captaron las características de la vivienda, clasificadas como: casa única en el terreno; casa que comparte terreno con otra(s); casa dúplex; departamento en edificio; vivienda en vecindad o cuartería; vivienda en cuarto de azotea de un edificio y no especificado de vivienda particular. Incluye a las viviendas particulares sin información de ocupantes.",VPH_C_SERV,0…999999999,9
200,"Viviendas particulares habitadas que no disponen de energía eléctrica, agua entubada, ni drenaje","Viviendas particulares habitadas que no tienen energía eléctrica, agua entubada ni drenaje. Comprende las viviendas particulares para las que se captaron las características de la vivienda, clasificadas como: casa única en el terreno; casa que comparte terreno con otra(s); casa dúplex; departamento en edificio; vivienda en vecindad o cuartería; vivienda en cuarto de azotea de un edificio y no especificado de vivienda particular. Incluye a las viviendas particulares sin información de ocupantes.",VPH_NDEAED,0…999999999,9
201,Viviendas particulares que disponen de drenaje y sanitario con admisión de agua,"Viviendas particulares habitadas que tienen drenaje conectado a la red pública; una fosa séptica o tanque séptico (biodigestor); una tubería que va a dar a una barranca o grieta, río, lago o mar; taza de baño (excusado o sanitario); letrina (pozo u hoyo) con admisión de agua. Comprende las viviendas particulares para las que se captaron las características de la vivienda, clasificadas como: casa única en el terreno; casa que comparte terreno con otra(s); casa dúplex; departamento en edificio; vivienda en vecindad o cuartería; vivienda en cuarto de azotea de un edificio y no especificado de vivienda particular. Incluye a las viviendas particulares sin información de ocupantes.",VPH_DSADMA,0…999999999,9
202,"Viviendas particulares habitadas que no disponen de automóvil o camioneta, ni de motocicleta o motoneta","Viviendas particulares habitadas que no tienen automóvil o camioneta ni motocicleta o motoneta. Comprende las viviendas particulares para las que se captaron las características de la vivienda, clasificadas como: casa única en el terreno; casa que comparte terreno con otra(s); casa dúplex; departamento en edificio; vivienda en vecindad o cuartería; vivienda en cuarto de azotea de un edificio y no especificado de vivienda particular. Incluye a las viviendas particulares sin información de ocupantes.",VPH_NDACMM,0…999999999,9
203,Viviendas particulares habitadas sin ningún bien,"Viviendas particulares habitadas donde no cuentan con refrigerador; lavadora; horno de microondas automóvil o camioneta; motocicleta o motoneta; bicicleta que se utilice como medio de transporte; algún aparato o dispositivo para oír radio; televisor; computadora, laptop o tablet; Internet; línea telefónica fija; teléfono celular; servicio de televisión de paga (cable o satelital); servicio de películas, música o videos de paga por Internet ni consola de videojuegos. Comprende las viviendas particulares para las que se captaron las características de la vivienda, clasificadas como: casa única en el terreno; casa que comparte terreno con otra(s); casa dúplex; departamento en edificio; vivienda en vecindad o cuartería; vivienda en cuarto de azotea de un edificio y no especificado de vivienda particular. Incluye a las viviendas particulares sin información de ocupantes.",VPH_SNBIEN,0…999999999,9
204,Viviendas particulares habitadas que disponen de refrigerador,"Viviendas particulares habitadas que tienen refrigerador. Comprende las viviendas particulares para las que se captaron las características de la vivienda, clasificadas como: casa única en el terreno; casa que comparte terreno con otra(s); casa dúplex; departamento en edificio; vivienda en vecindad o cuartería; vivienda en cuarto de azotea de un edificio y no especificado de vivienda particular. Incluye a las viviendas particulares sin información de ocupantes.",VPH_REFRI,0…999999999,9
205,Viviendas particulares habitadas que disponen de lavadora,"Viviendas particulares habitadas que tienen lavadora. Comprende las viviendas particulares para las que se captaron las características de la vivienda, clasificadas como: casa única en el terreno; casa que comparte terreno con otra(s); casa dúplex; departamento en edificio; vivienda en vecindad o cuartería; vivienda en cuarto de azotea de un edificio y no especificado de vivienda particular. Incluye a las viviendas particulares sin información de ocupantes.",VPH_LAVAD,0…999999999,9
206,Viviendas particulares habitadas que disponen de horno de microondas,"Viviendas particulares habitadas que tienen horno de microondas. Comprende las viviendas particulares para las que se captaron las características de la vivienda, clasificadas como: casa única en el terreno; casa que comparte terreno con otra(s); casa dúplex; departamento en edificio; vivienda en vecindad o cuartería; vivienda en cuarto de azotea de un edificio y no especificado de vivienda particular. Incluye a las viviendas particulares sin información de ocupantes.",VPH_HMICRO,0…999999999,9
207,Viviendas particulares habitadas que disponen de automóvil o camioneta,"Viviendas particulares habitadas que tienen automóvil o camioneta. Comprende las viviendas particulares para las que se captaron las características de la vivienda, clasificadas como: casa única en el terreno; casa que comparte terreno con otra(s); casa dúplex; departamento en edificio; vivienda en vecindad o cuartería; vivienda en cuarto de azotea de un edificio y no especificado de vivienda particular. Incluye a las viviendas particulares sin información de ocupantes.",VPH_AUTOM,0…999999999,9
208,Viviendas particulares habitadas que disponen de motocicleta o motoneta,"Viviendas particulares habitadas que tienen motocicleta o motoneta. Comprende las viviendas particulares para las que se captaron las características de la vivienda, clasificadas como: casa única en el terreno; casa que comparte terreno con otra(s); casa dúplex; departamento en edificio; vivienda en vecindad o cuartería; vivienda en cuarto de azotea de un edificio y no especificado de vivienda particular. Incluye a las viviendas particulares sin información de ocupantes.",VPH_MOTO,0…999999999,9
209,Viviendas particulares habitadas que disponen de bicicleta como medio de transporte,"Viviendas particulares habitadas que tienen bicicleta que se utilice como medio de transporte. Comprende las viviendas particulares para las que se captaron las características de la vivienda, clasificadas como: casa única en el terreno; casa que comparte terreno con otra(s); casa dúplex; departamento en edificio; vivienda en vecindad o cuartería; vivienda en cuarto de azotea de un edificio y no especificado de vivienda particular. Incluye a las viviendas particulares sin información de ocupantes.",VPH_BICI,0…999999999,9
210,Viviendas particulares habitadas que disponen de radio,"Viviendas particulares habitadas que tienen algún aparato o dispositivo para oír radio. Comprende las viviendas particulares para las que se captaron las características de la vivienda, clasificadas como: casa única en el terreno; casa que comparte terreno con otra(s); casa dúplex; departamento en edificio; vivienda en vecindad o cuartería; vivienda en cuarto de azotea de un edificio y no especificado de vivienda particular. Incluye a las viviendas particulares sin información de ocupantes.",VPH_RADIO,0…999999999,9
211,Viviendas particulares habitadas que disponen de televisor,"Viviendas particulares habitadas que tienen televisor.  Comprende las viviendas particulares para las que se captaron las características de la vivienda, clasificadas como: casa única en el terreno; casa que comparte terreno con otra(s); casa dúplex; departamento en edificio; vivienda en vecindad o cuartería; vivienda en cuarto de azotea de un edificio y no especificado de vivienda particular. Incluye a las viviendas particulares sin información de ocupantes.",VPH_TV,0…999999999,9
212,"Viviendas particulares habitadas que disponen de computadora, laptop o tablet","Viviendas particulares habitadas que tienen computadora, laptop o tablet. Comprende las viviendas particulares para las que se captaron las características de la vivienda, clasificadas como: casa única en el terreno; casa que comparte terreno con otra(s); casa dúplex; departamento en edificio; vivienda en vecindad o cuartería; vivienda en cuarto de azotea de un edificio y no especificado de vivienda particular. Incluye a las viviendas particulares sin información de ocupantes.",VPH_PC,0…999999999,9
213,Viviendas particulares habitadas que disponen de línea telefónica fija,"Viviendas particulares habitadas que tienen línea telefónica fija. Comprende las viviendas particulares para las que se captaron las características de la vivienda, clasificadas como: casa única en el terreno; casa que comparte terreno con otra(s); casa dúplex; departamento en edificio; vivienda en vecindad o cuartería; vivienda en cuarto de azotea de un edificio y no especificado de vivienda particular. Incluye a las viviendas particulares sin información de ocupantes.",VPH_TELEF,0…999999999,9
214,Viviendas particulares habitadas que disponen de teléfono celular,"Viviendas particulares habitadas que tienen teléfono celular. Comprende las viviendas particulares para las que se captaron las características de la vivienda, clasificadas como: casa única en el terreno; casa que comparte terreno con otra(s); casa dúplex; departamento en edificio; vivienda en vecindad o cuartería; vivienda en cuarto de azotea de un edificio y no especificado de vivienda particular. Incluye a las viviendas particulares sin información de ocupantes.",VPH_CEL,0…999999999,9
215,Viviendas particulares habitadas que disponen de Internet,"Viviendas particulares habitadas que tienen Internet. Comprende las viviendas particulares para las que se captaron las características de la vivienda, clasificadas como: casa única en el terreno; casa que comparte terreno con otra(s); casa dúplex; departamento en edificio; vivienda en vecindad o cuartería; vivienda en cuarto de azotea de un edificio y no especificado de vivienda particular. Incluye a las viviendas particulares sin información de ocupantes.",VPH_INTER,0…999999999,9
216,Viviendas particulares habitadas que disponen de servicio de televisión de paga,"Viviendas particulares habitadas que tienen servicio de televisión de paga (cable o satelital). Comprende las viviendas particulares para las que se captaron las características de la vivienda, clasificadas como: casa única en el terreno; casa que comparte terreno con otra(s); casa dúplex; departamento en edificio; vivienda en vecindad o cuartería; vivienda en cuarto de azotea de un edificio y no especificado de vivienda particular. Incluye a las viviendas particulares sin información de ocupantes.",VPH_STVP,0…999999999,9
217,"Viviendas particulares habitadas que disponen de servicio de películas, música o videos de paga por Internet","Viviendas particulares habitadas que tienen servicio de películas, música o videos de paga por Internet. Comprende las viviendas particulares para las que se captaron las características de la vivienda, clasificadas como: casa única en el terreno; casa que comparte terreno con otra(s); casa dúplex; departamento en edificio; vivienda en vecindad o cuartería; vivienda en cuarto de azotea de un edificio y no especificado de vivienda particular. Incluye a las viviendas particulares sin información de ocupantes.",VPH_SPMVPI,0…999999999,9
218,Viviendas particulares habitadas que disponen de consola de videojuegos,"Viviendas particulares habitadas que tienen consola de videojuegos. Comprende las viviendas particulares para las que se captaron las características de la vivienda, clasificadas como: casa única en el terreno; casa que comparte terreno con otra(s); casa dúplex; departamento en edificio; vivienda en vecindad o cuartería; vivienda en cuarto de azotea de un edificio y no especificado de vivienda particular. Incluye a las viviendas particulares sin información de ocupantes.",VPH_CVJ,0…999999999,9
219,Viviendas particulares habitadas sin radio ni televisor,"Viviendas particulares habitadas que no cuentan con algún aparato o dispositivo para oír radio ni televisor. Comprende las viviendas particulares para las que se captaron las características de la vivienda, clasificadas como: casa única en el terreno; casa que comparte terreno con otra(s); casa dúplex; departamento en edificio; vivienda en vecindad o cuartería; vivienda en cuarto de azotea de un edificio y no especificado de vivienda particular. Incluye a las viviendas particulares sin información de ocupantes.",VPH_SINRTV,0…999999999,9
220,Viviendas particulares habitadas sin línea telefónica fija ni teléfono celular,"Viviendas particulares habitadas que no cuentan con línea telefónica fija, ni teléfono celular. Comprende las viviendas particulares para las que se captaron las características de la vivienda, clasificadas como: casa única en el terreno; casa que comparte terreno con otra(s); casa dúplex; departamento en edificio; vivienda en vecindad o cuartería; vivienda en cuarto de azotea de un edificio y no especificado de vivienda particular. Incluye a las viviendas particulares sin información de ocupantes.",VPH_SINLTC,0…999999999,9
221,Viviendas particulares habitadas sin computadora ni Internet,"Viviendas particulares habitadas que no cuentan con computadora, laptop o tablet ni Internet. Comprende las viviendas particulares para las que se captaron las características de la vivienda, clasificadas como: casa única en el terreno; casa que comparte terreno con otra(s); casa dúplex; departamento en edificio; vivienda en vecindad o cuartería; vivienda en cuarto de azotea de un edificio y no especificado de vivienda particular. Incluye a las viviendas particulares sin información de ocupantes.",VPH_SINCINT,0…999999999,9
222,Viviendas particulares habitadas sin tecnologías de la información y de la comunicación (TIC),"Viviendas particulares habitadas que no cuentan con algún aparato o dispositivo para oír radio; televisor; computadora, laptop o tablet; línea telefónica fija; teléfono celular; Internet; servicio de televisión de paga (cable o satelital); servicio de películas, música o videos de paga por internet ni consola de videojuegos. Comprende las viviendas particulares para las que se captaron las características de la vivienda, clasificadas como: casa única en el terreno; casa que comparte terreno con otra(s); casa dúplex; departamento en edificio; vivienda en vecindad o cuartería; vivienda en cuarto de azotea de un edificio y no especificado de vivienda particular. Incluye a las viviendas particulares sin información de ocupantes.",VPH_SINTIC,0…999999999,9
223,Tamaño de localidad,"Total de personas que residen habitualmente en la localidad, y se clasifica el tamaño con base en el número de la población de la localidad.",TAMLOC,01..14,2
